{
    "primitives": [
        {
            "dx": 1.0,
            "dy": 0.0,
            "dtheta": 0.0,
            "weight": 1.0
        },
        {
            "dx": 1.0,
            "dy": 1.0,
            "dtheta": 1.57079632679489661923,
            "weight": 2.0
        },
        {
            "dx": 1.0,
            "dy": -1.0,
            "dtheta": -1.57079632679489661923,
            "weight": 2.0
        }
    ],
    "initial": {
        "x": 0.0,
        "y": 0.0,
        "theta": 0.0
    },
    "tolerances": {
        "x": 1e-6,
        "y": 1e-6,
        "theta": 1e-1,
        "distance": 1e-6
    }
}
