{
    "angle_min": 0.0, 
    "angle_max": 6.28318530718, 
    "angle_increment": 0.0019634954, 
    "range_min": 0.0, 
    "range_max": 100.0
}